Name,Start date,End date
PTZOptics 12X-SDI Camera,09-18-2023,09-21-2023
Canon Rebel T7,09-24-2023,09-27-2023
Canon EOS R09,09-17-2023,09-20-2023
Epson Pro EX9240 Projector,09-12-2023,09-15-2023
PTZOptics 30X-NDI Camera,09-17-2023,09-20-2023
Epson Pro EX9240 Projector,09-17-2023,09-20-2023
Epson EX3280 Projector,09-09-2023,09-13-2023
PTZOptics 12X-SDI Camera,09-13-2023,09-16-2023
PTZOptics 12X-SDI Camera,09-12-2023,09-15-2023
MacBook Pro 14,09-09-2023,09-12-2023
MacBook Pro 14,09-05-2023,09-08-2023
Canon EOS R09,09-09-2023,09-12-2023
Canon Rebel T7,09-05-2023,09-08-2023
Canon EOS R09,09-05-2023,09-08-2023
PTZOptics 30X-NDI Camera,09-29-2023,09-02-2023
Canon EOS R09,09-29-2023,09-02-2023